<?xml version="1.0"?>
<!DOCTYPE hibernate-mapping PUBLIC
	"-//Hibernate/Hibernate Mapping DTD 3.0//EN"
	"http://hibernate.sourceforge.net/hibernate-mapping-3.0.dtd">
<hibernate-mapping package="dominio.conocimiento">
	<class name="TipoMedico" table="tiposmedico" discriminator-value="-1" lazy="false">
		<id name="id" column="id" type="int">
			<generator class="native" />
		</id>
		<discriminator column="tipo" type="int" not-null="true" />
		<subclass name="Cabecera" discriminator-value="0" />
		<subclass name="Pediatra" discriminator-value="1" />
		<subclass name="Especialista" discriminator-value="2">
			<property name="especialidad" column="especialidad" type="string" not-null="true" />
		</subclass>
	</class>
</hibernate-mapping>