<?xml version="1.0" encoding="UTF-8" ?>
<!DOCTYPE struts PUBLIC "-//Apache Software Foundation//DTD Struts Configuration 2.0//EN" "http://struts.apache.org/dtds/struts-2.0.dtd">

<struts>
    <package name="default" namespace="/" extends="struts-default">
		<action name="loginBeneficiario" class="acciones.loginBeneficiario">
			<result name="success">menuBeneficiario.jsp</result>
			<result name="error">error.jsp</result>
			<result name="input">loginBeneficiarioError.jsp</result>
			<result name="exceptionLogin">error.jsp</result>
			<exception-mapping exception="java.rmi.RemoteException" result="exceptionLogin"></exception-mapping>
			<exception-mapping exception="java.sql.SQLException" result="exceptionLogin"></exception-mapping>
			<exception-mapping exception="excepciones.UsuarioIncorrectoException" result="exceptionLogin"></exception-mapping>
			<exception-mapping exception="java.lang.Exception" result="exceptionLogin"></exception-mapping>
		</action>
		<action name="loginMedico" class="acciones.loginMedico">
			<result name="success">menuMedico.jsp</result>
			<result name="error">error.jsp</result>
			<result name="input">loginMedicoError.jsp</result>
			<result name="exceptionLogin">error.jsp</result>
			<exception-mapping exception="java.rmi.RemoteException" result="exceptionLogin"></exception-mapping>
			<exception-mapping exception="java.sql.SQLException" result="exceptionLogin"></exception-mapping>
			<exception-mapping exception="excepciones.UsuarioIncorrectoException" result="exceptionLogin"></exception-mapping>
			<exception-mapping exception="java.lang.Exception" result="exceptionLogin"></exception-mapping>
		</action>
		<action name="obtenerBeneficiariosMedico" class="acciones.obtenerBeneficiariosMedico">
			<result name="success">darVolante.jsp</result>
			<result name="error">error.jsp</result>
			<result name="exception">error.jsp</result>
			<exception-mapping exception="java.rmi.RemoteException" result="exception"></exception-mapping>
			<exception-mapping exception="java.sql.SQLException" result="exception"></exception-mapping>
			<exception-mapping exception="excepciones.NullPointerException" result="exception"></exception-mapping>
			<exception-mapping exception="java.lang.Exception" result="exception"></exception-mapping>
		</action>
    </package>
</struts>